{"@context":{"@language":"en","@vocab":"https://schema.org/","citeAs":"cr:citeAs","column":"cr:column","conformsTo":"dct:conformsTo","cr":"http://mlcommons.org/croissant/","data":{"@id":"cr:data","@type":"@json"},"dataBiases":"cr:dataBiases","dataCollection":"cr:dataCollection","dataType":{"@id":"cr:dataType","@type":"@vocab"},"dct":"http://purl.org/dc/terms/","extract":"cr:extract","field":"cr:field","fileProperty":"cr:fileProperty","fileObject":"cr:fileObject","fileSet":"cr:fileSet","format":"cr:format","includes":"cr:includes","isEnumeration":"cr:isEnumeration","jsonPath":"cr:jsonPath","key":"cr:key","md5":"cr:md5","parentField":"cr:parentField","path":"cr:path","personalSensitiveInformation":"cr:personalSensitiveInformation","recordSet":"cr:recordSet","references":"cr:references","regex":"cr:regex","repeated":"cr:repeated","replace":"cr:replace","sc":"https://schema.org/","separator":"cr:separator","source":"cr:source","subField":"cr:subField","transform":"cr:transform","wd":"https://www.wikidata.org/wiki/"},"alternateName":"Evolution of Covid-19 in Morocco","conformsTo":"http://mlcommons.org/croissant/1.0","license":{"@type":"sc:CreativeWork","name":"CC0: Public Domain","url":"https://creativecommons.org/publicdomain/zero/1.0/"},"distribution":[{"contentUrl":"https://www.kaggle.com/api/v1/datasets/download/jmourad100/moroccocoronavirus?datasetVersionNumber=52","contentSize":"5.782 KB","md5":"F2QMKQCAndl399NeDe8LYg==","encodingFormat":"application/zip","@id":"archive.zip","@type":"cr:FileObject","name":"archive.zip","description":"Archive containing all the contents of the Morocco-coronavirus dataset"},{"contentUrl":"corona_morocco.csv","containedIn":{"@id":"archive.zip"},"encodingFormat":"application/vnd.ms-excel","@id":"corona_morocco.csv_fileobject","@type":"cr:FileObject","name":"corona_morocco.csv","description":"This is a .csv file containing data about the evolution of Covid-19 cases in Morocco including its 12 regions."}],"recordSet":[{"field":[{"dataType":["sc:Text"],"source":{"fileObject":{"@id":"corona_morocco.csv_fileobject"},"extract":{"column":"Date"}},"@id":"corona_morocco.csv/Date","@type":"cr:Field","name":"Date","description":"Date"},{"dataType":["sc:Integer"],"source":{"fileObject":{"@id":"corona_morocco.csv_fileobject"},"extract":{"column":"Confirmed"}},"@id":"corona_morocco.csv/Confirmed","@type":"cr:Field","name":"Confirmed","description":"Total Conformed"},{"dataType":["sc:Integer"],"source":{"fileObject":{"@id":"corona_morocco.csv_fileobject"},"extract":{"column":"Deaths"}},"@id":"corona_morocco.csv/Deaths","@type":"cr:Field","name":"Deaths","description":"Total Deaths"},{"dataType":["sc:Integer"],"source":{"fileObject":{"@id":"corona_morocco.csv_fileobject"},"extract":{"column":"Recovered"}},"@id":"corona_morocco.csv/Recovered","@type":"cr:Field","name":"Recovered","description":"Total Recovered"},{"dataType":["sc:Integer"],"source":{"fileObject":{"@id":"corona_morocco.csv_fileobject"},"extract":{"column":"Excluded"}},"@id":"corona_morocco.csv/Excluded","@type":"cr:Field","name":"Excluded","description":"Excluded cases after Test"},{"dataType":["sc:Integer"],"source":{"fileObject":{"@id":"corona_morocco.csv_fileobject"},"extract":{"column":"Beni Mellal-Khenifra"}},"@id":"corona_morocco.csv/Beni\u002BMellal-Khenifra","@type":"cr:Field","name":"Beni Mellal-Khenifra","description":"One of the 12 Regions of Morocco"},{"dataType":["sc:Integer"],"source":{"fileObject":{"@id":"corona_morocco.csv_fileobject"},"extract":{"column":"Casablanca-Settat"}},"@id":"corona_morocco.csv/Casablanca-Settat","@type":"cr:Field","name":"Casablanca-Settat","description":"One of the 12 Regions of Morocco"},{"dataType":["sc:Integer"],"source":{"fileObject":{"@id":"corona_morocco.csv_fileobject"},"extract":{"column":"Draa-Tafilalet"}},"@id":"corona_morocco.csv/Draa-Tafilalet","@type":"cr:Field","name":"Draa-Tafilalet","description":"One of the 12 Regions of Morocco"},{"dataType":["sc:Integer"],"source":{"fileObject":{"@id":"corona_morocco.csv_fileobject"},"extract":{"column":"Dakhla-Oued Ed-Dahab"}},"@id":"corona_morocco.csv/Dakhla-Oued\u002BEd-Dahab","@type":"cr:Field","name":"Dakhla-Oued Ed-Dahab","description":"One of the 12 Regions of Morocco"},{"dataType":["sc:Integer"],"source":{"fileObject":{"@id":"corona_morocco.csv_fileobject"},"extract":{"column":"Fes-Meknes"}},"@id":"corona_morocco.csv/Fes-Meknes","@type":"cr:Field","name":"Fes-Meknes","description":"One of the 12 Regions of Morocco"},{"dataType":["sc:Integer"],"source":{"fileObject":{"@id":"corona_morocco.csv_fileobject"},"extract":{"column":"Guelmim-Oued Noun"}},"@id":"corona_morocco.csv/Guelmim-Oued\u002BNoun","@type":"cr:Field","name":"Guelmim-Oued Noun","description":"One of the 12 Regions of Morocco"},{"dataType":["sc:Integer"],"source":{"fileObject":{"@id":"corona_morocco.csv_fileobject"},"extract":{"column":"Laayoune-Sakia El Hamra"}},"@id":"corona_morocco.csv/Laayoune-Sakia\u002BEl\u002BHamra","@type":"cr:Field","name":"Laayoune-Sakia El Hamra","description":"One of the 12 Regions of Morocco"},{"dataType":["sc:Integer"],"source":{"fileObject":{"@id":"corona_morocco.csv_fileobject"},"extract":{"column":"Marrakesh-Safi"}},"@id":"corona_morocco.csv/Marrakesh-Safi","@type":"cr:Field","name":"Marrakesh-Safi","description":"One of the 12 Regions of Morocco"},{"dataType":["sc:Integer"],"source":{"fileObject":{"@id":"corona_morocco.csv_fileobject"},"extract":{"column":"Oriental"}},"@id":"corona_morocco.csv/Oriental","@type":"cr:Field","name":"Oriental","description":"One of the 12 Regions of Morocco"},{"dataType":["sc:Integer"],"source":{"fileObject":{"@id":"corona_morocco.csv_fileobject"},"extract":{"column":"Rabat-Sale-Kenitra"}},"@id":"corona_morocco.csv/Rabat-Sale-Kenitra","@type":"cr:Field","name":"Rabat-Sale-Kenitra","description":"One of the 12 Regions of Morocco"},{"dataType":["sc:Integer"],"source":{"fileObject":{"@id":"corona_morocco.csv_fileobject"},"extract":{"column":"Souss-Massa"}},"@id":"corona_morocco.csv/Souss-Massa","@type":"cr:Field","name":"Souss-Massa","description":"One of the 12 Regions of Morocco"},{"dataType":["sc:Integer"],"source":{"fileObject":{"@id":"corona_morocco.csv_fileobject"},"extract":{"column":"Tanger-Tetouan-Al Hoceima"}},"@id":"corona_morocco.csv/Tanger-Tetouan-Al\u002BHoceima","@type":"cr:Field","name":"Tanger-Tetouan-Al Hoceima","description":"One of the 12 Regions of Morocco"}],"@id":"corona_morocco.csv","@type":"cr:RecordSet","name":"corona_morocco.csv","description":"This is a .csv file containing data about the evolution of Covid-19 cases in Morocco including its 12 regions."}],"version":52,"keywords":["subject \u003E health and fitness \u003E health \u003E health conditions \u003E diseases \u003E covid19","subject \u003E people and society \u003E news"],"isAccessibleForFree":true,"includedInDataCatalog":{"@type":"sc:DataCatalog","name":"Kaggle","url":"https://www.kaggle.com"},"creator":{"@type":"sc:Person","name":"JM100","url":"/jmourad100","image":"https://storage.googleapis.com/kaggle-avatars/thumbnails/2236338-kg.jpg"},"publisher":{"@type":"sc:Organization","name":"Kaggle","url":"https://www.kaggle.com/organizations/kaggle","image":"https://storage.googleapis.com/kaggle-organizations/4/thumbnail.png"},"thumbnailUrl":"https://storage.googleapis.com/kaggle-datasets-images/566027/1027744/7b9fc6c755f5b6a78ef8da1c66ca1bd1/dataset-card.jpg?t=2020-03-22-15-08-07","dateModified":"2020-08-26T21:11:13","datePublished":"2020-03-22T15:04:38.027","@type":"sc:Dataset","name":"Morocco-coronavirus","url":"https://www.kaggle.com/datasets/jmourad100/moroccocoronavirus/versions/52","description":"### Content\nThis Dataset contains daily data about the situation of Covid-19 in Morocco.\n\n## How to use it?\nThe dataset includes 16 columns: date, confirmed cases, deaths, Recovered, and count of cases across each of the 12 Moroccan regions. \nIt is a good source for data visualization or exploring different models of disease transmission.\n\nThe dataset will be updated according to the official data each day at \u002B01:00(GMT)\n\n### Source:\n- http://www.covidmaroc.ma/pages/Accueil.aspx\n- https://who.sprinklr.com/region/emro/country/ma\n- https://www.hespress.com/ ||  https://covid.hespress.com/\n- https://covidata.2m.ma/\n- https://www.marocovid.com/\n- https://www.facebook.com/ministere.sante.ma/"}